PG,SG,SF,PF,C,G,F,UTIL,P,R,O,J
James Harden,Collin Sexton,Kevin Durant,D.J. Wilson,Montrezl Harrell,Ricky Rubio,Giannis Antetokounmpo,Onyeka Okongwu,295.15
Ricky Rubio,Will Barton,OG Anunoby,D.J. Wilson,Nikola Jokic,Collin Sexton,Giannis Antetokounmpo,Montrezl Harrell,294.43
Ricky Rubio,Collin Sexton,Anthony Edwards,D.J. Wilson,Nikola Jokic,,Kevin Durant,Montrezl Harrell,293.06
Luka Doncic,Collin Sexton,Kevin Durant,D.J. Wilson,Nikola Jokic,Ricky Rubio,Onyeka Okongwu,Greg Monroe,292.95
Tyrese Maxey,Collin Sexton,Anthony Edwards,D.J. Wilson,Nikola Jokic,Ricky Rubio,Giannis Antetokounmpo,Onyeka Okongwu,291.59
Luka Doncic,Collin Sexton,Pat Connaughton,D.J. Wilson,Montrezl Harrell,Dejounte Murray,Giannis Antetokounmpo,Ricky Rubio,291.57
Monte Morris,Collin Sexton,Harrison Barnes,D.J. Wilson,Nikola Jokic,Ricky Rubio,Giannis Antetokounmpo,Christian Wood,291.37
Tyrese Maxey,Collin Sexton,LeBron James,D.J. Wilson,Christian Wood,Ricky Rubio,Giannis Antetokounmpo,Montrezl Harrell,291.17
Dejounte Murray,Collin Sexton,Kevin Durant,D.J. Wilson,Greg Monroe,Ricky Rubio,Aaron Gordon,Giannis Antetokounmpo,290.9
Brandon Goodwin,Collin Sexton,Kevin Durant,D.J. Wilson,Nikola Jokic,Ricky Rubio,Giannis Antetokounmpo,Cameron Oliver,290.85
Luka Doncic,Collin Sexton,LeBron James,D.J. Wilson,Montrezl Harrell,Ricky Rubio,Kevin Durant,Cameron Oliver,290.28
James Harden,Collin Sexton,OG Anunoby,D.J. Wilson,Nikola Jokic,Tyrese Maxey,Harrison Barnes,Ricky Rubio,290.06
Dejounte Murray,Collin Sexton,Kevin Durant,Darius Bazley,Nikola Jokic,Monte Morris,D.J. Wilson,Ricky Rubio,290.03
Trae Young,Collin Sexton,Harrison Barnes,D.J. Wilson,Giannis Antetokounmpo,Dejounte Murray,Onyeka Okongwu,Ricky Rubio,290.03
Dejounte Murray,Collin Sexton,Kevin Durant,D.J. Wilson,Rudy Gobert,Ricky Rubio,John Collins,Montrezl Harrell,289.9
James Harden,Will Barton,Kevin Durant,D.J. Wilson,Christian Wood,Ricky Rubio,OG Anunoby,Collin Sexton,289.88
Dejounte Murray,Collin Sexton,OG Anunoby,D.J. Wilson,Nikola Jokic,Ricky Rubio,Onyeka Okongwu,Rudy Gobert,289.84
Tyrese Maxey,Collin Sexton,Kevin Durant,D.J. Wilson,Rudy Gobert,Monte Morris,Giannis Antetokounmpo,Ricky Rubio,289.7
James Harden,Collin Sexton,LeBron James,Darius Bazley,Montrezl Harrell,Dejounte Murray,D.J. Wilson,Ricky Rubio,289.65
Ricky Rubio,Will Barton,Kevin Durant,D.J. Wilson,Giannis Antetokounmpo,D'Angelo Russell,Harrison Barnes,Collin Sexton,289.42
James Harden,Collin Sexton,Harrison Barnes,D.J. Wilson,Rudy Gobert,Ricky Rubio,Giannis Antetokounmpo,Greg Monroe,289.28
Tyrese Maxey,Collin Sexton,Kevin Durant,Jae'Sean Tate,Nikola Jokic,Ricky Rubio,D.J. Wilson,Christian Wood,289.21
De'Aaron Fox,Collin Sexton,LeBron James,D.J. Wilson,Nikola Jokic,Ricky Rubio,Aaron Gordon,Montrezl Harrell,289.1
Trae Young,Collin Sexton,Aaron Gordon,D.J. Wilson,Rudy Gobert,Ricky Rubio,Giannis Antetokounmpo,Montrezl Harrell,288.99
Ricky Rubio,Collin Sexton,Anthony Edwards,Darius Bazley,Giannis Antetokounmpo,,D.J. Wilson,Kevin Durant,288.78
James Harden,Collin Sexton,Georges Niang,D.J. Wilson,Nikola Jokic,Ricky Rubio,Anthony Davis,Montrezl Harrell,288.76
Dejounte Murray,Davion Mitchell,Devin Vassell,D.J. Wilson,Nikola Jokic,Ricky Rubio,Giannis Antetokounmpo,Collin Sexton,288.69
James Harden,Collin Sexton,Anthony Edwards,D.J. Wilson,Montrezl Harrell,Trae Young,OG Anunoby,Ricky Rubio,288.64
James Harden,Collin Sexton,Kevin Durant,D.J. Wilson,Greg Monroe,Tyrese Maxey,Anthony Davis,Ricky Rubio,288.62
Tyrese Maxey,D'Angelo Russell,Kevin Durant,D.J. Wilson,Nikola Jokic,Ricky Rubio,Onyeka Okongwu,Montrezl Harrell,288.56
James Harden,Davion Mitchell,Kevin Durant,D.J. Wilson,Nikola Jokic,Ricky Rubio,Pat Connaughton,Collin Sexton,288.55
James Harden,Collin Sexton,Anthony Edwards,D.J. Wilson,Christian Wood,Ricky Rubio,Giannis Antetokounmpo,Cameron Oliver,288.54
James Harden,Will Barton,Anthony Edwards,Darius Bazley,Nikola Jokic,Ricky Rubio,D.J. Wilson,Collin Sexton,288.46
Dejounte Murray,Collin Sexton,Kevin Durant,D.J. Wilson,Christian Wood,Ricky Rubio,Anthony Davis,Onyeka Okongwu,288.39
Dejounte Murray,Collin Sexton,Tim Hardaway Jr.,DeMar DeRozan,Nikola Jokic,Ricky Rubio,D.J. Wilson,Montrezl Harrell,288.12
De'Aaron Fox,Will Barton,Kevin Durant,D.J. Wilson,Montrezl Harrell,Ricky Rubio,Giannis Antetokounmpo,Greg Monroe,288.08
James Harden,Collin Sexton,Garrison Mathews,D.J. Wilson,Nikola Jokic,Trae Young,Onyeka Okongwu,Ricky Rubio,288.08
Luka Doncic,Collin Sexton,OG Anunoby,D.J. Wilson,Christian Wood,Ricky Rubio,Giannis Antetokounmpo,Greg Monroe,288.05
Luka Doncic,Collin Sexton,OG Anunoby,D.J. Wilson,Rudy Gobert,Ricky Rubio,Anthony Davis,Montrezl Harrell,288.04
Ricky Rubio,Collin Sexton,Tim Hardaway Jr.,D.J. Wilson,Christian Wood,,Kevin Durant,Bobby Portis,287.94
Dejounte Murray,Will Barton,Anthony Edwards,D.J. Wilson,Nikola Jokic,Ricky Rubio,Onyeka Okongwu,Montrezl Harrell,287.93
Trae Young,Collin Sexton,Kevin Durant,Tobias Harris,Christian Wood,Ricky Rubio,D.J. Wilson,Montrezl Harrell,287.88
Ricky Rubio,Will Barton,Kevin Durant,D.J. Wilson,Karl-Anthony Towns,Collin Sexton,Anthony Davis,Montrezl Harrell,287.87
Luka Doncic,Collin Sexton,Kevin Durant,D.J. Wilson,Precious Achiuwa,Ricky Rubio,Devin Vassell,Giannis Antetokounmpo,287.85
Dejounte Murray,Will Barton,Tim Hardaway Jr.,D.J. Wilson,Rudy Gobert,Ricky Rubio,Giannis Antetokounmpo,Collin Sexton,287.85
De'Aaron Fox,Will Barton,Tim Hardaway Jr.,D.J. Wilson,Nikola Jokic,Ricky Rubio,Kevin Durant,Collin Sexton,287.84
Trae Young,Collin Sexton,OG Anunoby,Darius Bazley,Nikola Jokic,Ricky Rubio,D.J. Wilson,Christian Wood,287.7
Luka Doncic,Collin Sexton,Kevin Durant,D.J. Wilson,Rudy Gobert,Ricky Rubio,Harrison Barnes,Richaun Holmes,287.61
De'Aaron Fox,Collin Sexton,Bojan Bogdanovic,D.J. Wilson,Nikola Jokic,Ricky Rubio,Giannis Antetokounmpo,Greg Monroe,287.6
Ricky Rubio,D'Angelo Russell,Kevin Durant,D.J. Wilson,Nikola Jokic,Collin Sexton,OG Anunoby,Precious Achiuwa,287.59
Luka Doncic,Will Barton,Kevin Durant,D.J. Wilson,Rudy Gobert,Ricky Rubio,Onyeka Okongwu,Montrezl Harrell,287.59
Ricky Rubio,Collin Sexton,Garrison Mathews,D.J. Wilson,Nikola Jokic,Eric Gordon,Giannis Antetokounmpo,Rudy Gobert,287.53
Ricky Rubio,Will Barton,LeBron James,D.J. Wilson,Rudy Gobert,Collin Sexton,Kevin Durant,Greg Monroe,287.51
Luka Doncic,Davion Mitchell,LeBron James,D.J. Wilson,Giannis Antetokounmpo,Ricky Rubio,Onyeka Okongwu,Collin Sexton,287.48
Ricky Rubio,Will Barton,LeBron James,D.J. Wilson,Nikola Jokic,Collin Sexton,Onyeka Okongwu,Christian Wood,287.39
Trae Young,Collin Sexton,Kevin Durant,D.J. Wilson,Cameron Oliver,Dejounte Murray,OG Anunoby,Ricky Rubio,287.39
Luka Doncic,Collin Sexton,Aaron Gordon,Darius Bazley,Nikola Jokic,Ricky Rubio,D.J. Wilson,Rudy Gobert,287.37
James Harden,Collin Sexton,Eric Gordon,D.J. Wilson,Richaun Holmes,Dejounte Murray,Kevin Durant,Ricky Rubio,287.28
Mike Conley,Collin Sexton,Aaron Gordon,D.J. Wilson,Nikola Jokic,Ricky Rubio,Giannis Antetokounmpo,Jakob Poeltl,287.22
James Harden,Collin Sexton,Terence Davis,D.J. Wilson,Nikola Jokic,Dejounte Murray,Aaron Gordon,Ricky Rubio,287.2
De'Aaron Fox,Collin Sexton,Harrison Barnes,D.J. Wilson,Joel Embiid,Ricky Rubio,Giannis Antetokounmpo,Montrezl Harrell,287.13
De'Aaron Fox,Collin Sexton,Kevin Durant,D.J. Wilson,Jakob Poeltl,Ricky Rubio,Giannis Antetokounmpo,Richaun Holmes,287.11
Dejounte Murray,Will Barton,Harrison Barnes,D.J. Wilson,Nikola Jokic,Ricky Rubio,John Collins,Collin Sexton,287.0
James Harden,Collin Sexton,Eric Gordon,D.J. Wilson,Giannis Antetokounmpo,De'Aaron Fox,OG Anunoby,Ricky Rubio,287.0
Ricky Rubio,Will Barton,Anthony Edwards,D.J. Wilson,Joel Embiid,Collin Sexton,Giannis Antetokounmpo,Greg Monroe,286.97
Dejounte Murray,Collin Sexton,LeBron James,D.J. Wilson,Christian Wood,Ricky Rubio,OG Anunoby,Harrison Barnes,286.95
Ricky Rubio,D'Angelo Russell,Pat Connaughton,D.J. Wilson,Nikola Jokic,Collin Sexton,Giannis Antetokounmpo,Richaun Holmes,286.91
James Harden,Collin Sexton,Sekou Doumbouya,D.J. Wilson,Nikola Jokic,Ricky Rubio,Giannis Antetokounmpo,Hassan Whiteside,286.89
Luka Doncic,Collin Sexton,Bojan Bogdanovic,D.J. Wilson,Nikola Jokic,Ricky Rubio,John Collins,Montrezl Harrell,286.89
Luka Doncic,Brandon Knight,Terence Davis,D.J. Wilson,Nikola Jokic,Ricky Rubio,Giannis Antetokounmpo,Collin Sexton,286.84
Luka Doncic,Collin Sexton,Kevin Durant,D.J. Wilson,Christian Wood,De'Aaron Fox,Aaron Gordon,Ricky Rubio,286.81
James Harden,Collin Sexton,Kevin Durant,D.J. Wilson,Hassan Whiteside,Trae Young,Harrison Barnes,Ricky Rubio,286.8
Trae Young,Will Barton,Harrison Barnes,D.J. Wilson,Montrezl Harrell,Tyrese Maxey,Giannis Antetokounmpo,Ricky Rubio,286.75
Trae Young,Collin Sexton,OG Anunoby,D.J. Wilson,Jakob Poeltl,Tyrese Maxey,Giannis Antetokounmpo,Ricky Rubio,286.73
Dejounte Murray,Collin Sexton,LeBron James,D.J. Wilson,Cameron Oliver,Monte Morris,Giannis Antetokounmpo,Ricky Rubio,286.7
Dejounte Murray,Collin Sexton,Kevin Durant,D.J. Wilson,Joel Embiid,Ricky Rubio,Harrison Barnes,Precious Achiuwa,286.7
Trae Young,Collin Sexton,Eric Gordon,D.J. Wilson,Nikola Jokic,Ricky Rubio,Kevin Durant,Terence Davis,286.68
Dejounte Murray,Terence Davis,,D.J. Wilson,Montrezl Harrell,Monte Morris,Kevin Durant,Ricky Rubio,286.66
De'Aaron Fox,Collin Sexton,LeBron James,D.J. Wilson,Onyeka Okongwu,Ricky Rubio,Kevin Durant,Anthony Edwards,286.62
Luka Doncic,Collin Sexton,Harrison Barnes,DeMar DeRozan,Montrezl Harrell,Trae Young,D.J. Wilson,Ricky Rubio,286.61
Tyrese Maxey,Anthony Edwards,,D.J. Wilson,Montrezl Harrell,Ricky Rubio,Kevin Durant,Cameron Oliver,286.49
Dejounte Murray,Anthony Edwards,,D.J. Wilson,Montrezl Harrell,Ricky Rubio,Harrison Barnes,Greg Monroe,286.44
Trae Young,D'Angelo Russell,Kevin Durant,D.J. Wilson,Rudy Gobert,Ricky Rubio,Onyeka Okongwu,Collin Sexton,286.43
Luka Doncic,Collin Sexton,Eric Gordon,D.J. Wilson,Cameron Oliver,Trae Young,Giannis Antetokounmpo,Ricky Rubio,286.41
Luka Doncic,Collin Sexton,Eric Gordon,D.J. Wilson,Nikola Jokic,Ricky Rubio,OG Anunoby,Bobby Portis,286.4
Tyrese Maxey,Will Barton,Kevin Durant,D.J. Wilson,Nikola Jokic,Ricky Rubio,Harrison Barnes,Greg Monroe,286.35
Tyrese Maxey,Eric Gordon,,D.J. Wilson,Nikola Jokic,Ricky Rubio,Aaron Gordon,Montrezl Harrell,286.33
Trae Young,Collin Sexton,Grayson Allen,D.J. Wilson,Giannis Antetokounmpo,Ricky Rubio,Kevin Durant,Pat Connaughton,286.32
James Harden,Terence Davis,,D.J. Wilson,Christian Wood,Ricky Rubio,OG Anunoby,Montrezl Harrell,286.28
James Harden,Collin Sexton,Anthony Edwards,D.J. Wilson,Rudy Gobert,Goran Dragic,Kevin Durant,Ricky Rubio,286.2
Goran Dragic,Collin Sexton,Kevin Durant,D.J. Wilson,Nikola Jokic,Ricky Rubio,Anthony Davis,Richaun Holmes,286.16
Trae Young,Tim Hardaway Jr.,,D.J. Wilson,Montrezl Harrell,Dejounte Murray,Kevin Durant,Ricky Rubio,286.13
James Harden,Collin Sexton,Tim Hardaway Jr.,D.J. Wilson,Nikola Jokic,Ricky Rubio,Devin Vassell,Rudy Gobert,286.1
Luka Doncic,Collin Sexton,Harrison Barnes,D.J. Wilson,Bobby Portis,Ricky Rubio,Giannis Antetokounmpo,Jakob Poeltl,286.09
Trae Young,Will Barton,Bojan Bogdanovic,D.J. Wilson,Christian Wood,Ricky Rubio,Giannis Antetokounmpo,Collin Sexton,286.09
James Harden,Collin Sexton,Pat Connaughton,D.J. Wilson,Giannis Antetokounmpo,Monte Morris,Anthony Davis,Ricky Rubio,286.09
James Harden,Tyrese Haliburton,Harrison Barnes,D.J. Wilson,Nikola Jokic,Ricky Rubio,Onyeka Okongwu,Montrezl Harrell,286.03
Dejounte Murray,Will Barton,Kevin Durant,D.J. Wilson,Bobby Portis,Ricky Rubio,OG Anunoby,Montrezl Harrell,286.02
James Harden,Collin Sexton,Kevin Durant,D.J. Wilson,Joel Embiid,Ricky Rubio,Aaron Gordon,Cameron Oliver,286.0
James Harden,Collin Sexton,Harrison Barnes,D.J. Wilson,Joel Embiid,Ricky Rubio,Anthony Davis,Onyeka Okongwu,285.97
Dejounte Murray,Collin Sexton,OG Anunoby,D.J. Wilson,Giannis Antetokounmpo,Goran Dragic,Anthony Davis,Ricky Rubio,285.91
Ricky Rubio,D'Angelo Russell,Anthony Edwards,D.J. Wilson,Pascal Siakam,Collin Sexton,Giannis Antetokounmpo,Montrezl Harrell,285.91
Luka Doncic,Will Barton,Garrison Mathews,D.J. Wilson,Christian Wood,Ricky Rubio,Giannis Antetokounmpo,Montrezl Harrell,285.9
Trae Young,Collin Sexton,Harrison Barnes,Jae'Sean Tate,Nikola Jokic,De'Aaron Fox,D.J. Wilson,Ricky Rubio,285.88
James Harden,Collin Sexton,Eric Gordon,DeMar DeRozan,Nikola Jokic,Ricky Rubio,D.J. Wilson,Greg Monroe,285.86
Ricky Rubio,Davion Mitchell,Terence Davis,D.J. Wilson,Nikola Jokic,,Kevin Durant,Giannis Antetokounmpo,285.85
Patrick Beverley,Collin Sexton,Grayson Allen,D.J. Wilson,Nikola Jokic,Ricky Rubio,Kevin Durant,Rudy Gobert,285.82
Dejounte Murray,D'Angelo Russell,OG Anunoby,D.J. Wilson,Montrezl Harrell,Ricky Rubio,Giannis Antetokounmpo,Onyeka Okongwu,285.81
James Harden,Davion Mitchell,Kevin Durant,D.J. Wilson,Montrezl Harrell,Dejounte Murray,Aaron Gordon,Ricky Rubio,285.8
James Harden,Collin Sexton,LeBron James,D.J. Wilson,Rudy Gobert,Ricky Rubio,Onyeka Okongwu,Jakob Poeltl,285.8
Tyrese Maxey,Will Barton,Kevin Durant,D.J. Wilson,Giannis Antetokounmpo,Ricky Rubio,OG Anunoby,Onyeka Okongwu,285.8
Ricky Rubio,Will Barton,Pat Connaughton,D.J. Wilson,Nikola Jokic,Collin Sexton,Anthony Davis,Rudy Gobert,285.8
James Harden,Anthony Edwards,,D.J. Wilson,Christian Wood,Ricky Rubio,Kevin Durant,Greg Monroe,285.77
Dejounte Murray,D'Angelo Russell,Eric Gordon,D.J. Wilson,Christian Wood,Ricky Rubio,Giannis Antetokounmpo,Collin Sexton,285.77
Luka Doncic,Collin Sexton,Anthony Edwards,Jae'Sean Tate,Nikola Jokic,Monte Morris,D.J. Wilson,Ricky Rubio,285.76
Tyrese Maxey,Collin Sexton,Kevin Durant,D.J. Wilson,Joel Embiid,Ricky Rubio,Onyeka Okongwu,Karl-Anthony Towns,285.76
Luka Doncic,Eric Gordon,,D.J. Wilson,Montrezl Harrell,Ricky Rubio,OG Anunoby,Harrison Barnes,285.74
Ricky Rubio,Tyrese Haliburton,LeBron James,D.J. Wilson,Nikola Jokic,Collin Sexton,Harrison Barnes,Greg Monroe,285.72
Dejounte Murray,Collin Sexton,Grayson Allen,Kevin Durant,Nikola Jokic,Ricky Rubio,Onyeka Okongwu,Montrezl Harrell,285.71
Ricky Rubio,Davion Mitchell,Anthony Edwards,D.J. Wilson,Nikola Jokic,,Pat Connaughton,Montrezl Harrell,285.69
James Harden,Collin Sexton,Garrison Mathews,D.J. Wilson,Andre Drummond,Dejounte Murray,Giannis Antetokounmpo,Ricky Rubio,285.69
Luka Doncic,Collin Sexton,Anthony Edwards,D.J. Wilson,Joel Embiid,Ricky Rubio,Onyeka Okongwu,Christian Wood,285.69
Ricky Rubio,Collin Sexton,LeBron James,D.J. Wilson,Precious Achiuwa,Anthony Edwards,Harrison Barnes,Giannis Antetokounmpo,285.67
Dejounte Murray,Collin Sexton,Aaron Gordon,D.J. Wilson,Joel Embiid,Ricky Rubio,Anthony Davis,Montrezl Harrell,285.61
James Harden,Will Barton,Aaron Gordon,D.J. Wilson,Giannis Antetokounmpo,Ricky Rubio,John Collins,Collin Sexton,285.58
Dejounte Murray,Collin Sexton,Anthony Edwards,D.J. Wilson,Nikola Jokic,Ricky Rubio,Daniel Theis,Christian Wood,285.57
Luka Doncic,Collin Sexton,Grayson Allen,Royce O'Neale,Nikola Jokic,Dejounte Murray,D.J. Wilson,Ricky Rubio,285.56
Luka Doncic,Collin Sexton,Kevin Durant,Darius Bazley,Brook Lopez,James Harden,D.J. Wilson,Ricky Rubio,285.54
Trae Young,Collin Sexton,Grayson Allen,D.J. Wilson,Nikola Jokic,Ricky Rubio,Anthony Davis,Greg Monroe,285.54
Dejounte Murray,Collin Sexton,Anthony Edwards,Jae'Sean Tate,Jakob Poeltl,Ricky Rubio,D.J. Wilson,Giannis Antetokounmpo,285.53
James Harden,D'Angelo Russell,Harrison Barnes,D.J. Wilson,Montrezl Harrell,Ricky Rubio,Giannis Antetokounmpo,Precious Achiuwa,285.51
Trae Young,Collin Sexton,LeBron James,D.J. Wilson,Montrezl Harrell,Ricky Rubio,Anthony Davis,Onyeka Okongwu,285.48
Luka Doncic,Brandon Knight,Kevin Durant,D.J. Wilson,Montrezl Harrell,Ricky Rubio,Giannis Antetokounmpo,Davion Mitchell,285.44
Dejounte Murray,Collin Sexton,Anthony Edwards,D.J. Wilson,Bobby Portis,Tyrese Maxey,Kevin Durant,Ricky Rubio,285.42
Ricky Rubio,Will Barton,LeBron James,Darius Bazley,Christian Wood,,D.J. Wilson,Montrezl Harrell,285.42
Mike Conley,Grayson Allen,,D.J. Wilson,Nikola Jokic,Ricky Rubio,Harrison Barnes,Montrezl Harrell,285.39
James Harden,Tim Hardaway Jr.,,D.J. Wilson,Christian Wood,Ricky Rubio,Kevin Durant,Montrezl Harrell,285.37
Mike Conley,Brandon Knight,Kevin Durant,D.J. Wilson,Giannis Antetokounmpo,Ricky Rubio,Anthony Davis,Collin Sexton,285.34
Ricky Rubio,Brandon Knight,Kevin Durant,D.J. Wilson,Nikola Jokic,Collin Sexton,Aaron Gordon,Karl-Anthony Towns,285.34
James Harden,Will Barton,Eric Gordon,D.J. Wilson,Bobby Portis,Ricky Rubio,Giannis Antetokounmpo,Montrezl Harrell,285.27
Luka Doncic,Gary Trent Jr.,OG Anunoby,D.J. Wilson,Nikola Jokic,Ricky Rubio,Onyeka Okongwu,Montrezl Harrell,285.26
Goran Dragic,Collin Sexton,Eric Gordon,D.J. Wilson,Joel Embiid,Ricky Rubio,Kevin Durant,Giannis Antetokounmpo,285.24
Tyrese Maxey,Collin Sexton,LeBron James,D.J. Wilson,John Collins,Ricky Rubio,Kevin Durant,Harrison Barnes,285.22
Brandon Goodwin,Tim Hardaway Jr.,,D.J. Wilson,Rudy Gobert,Ricky Rubio,Kevin Durant,Montrezl Harrell,285.2
James Harden,D'Angelo Russell,LeBron James,D.J. Wilson,Greg Monroe,Ricky Rubio,OG Anunoby,Collin Sexton,285.22
Ricky Rubio,Collin Sexton,LeBron James,Royce O'Neale,Giannis Antetokounmpo,Terence Davis,D.J. Wilson,Kevin Durant,285.19
Luka Doncic,Anthony Edwards,,D.J. Wilson,Montrezl Harrell,Ricky Rubio,Aaron Gordon,Giannis Antetokounmpo,285.18
James Harden,Will Barton,Anthony Edwards,D.J. Wilson,Montrezl Harrell,Ricky Rubio,Kevin Durant,Pat Connaughton,285.17
James Harden,Tyrese Haliburton,Kevin Durant,D.J. Wilson,Montrezl Harrell,Ricky Rubio,OG Anunoby,Greg Monroe,285.15
Ricky Rubio,Will Barton,Bojan Bogdanovic,D.J. Wilson,Nikola Jokic,,Kevin Durant,Montrezl Harrell,285.12
Patrick Beverley,Eric Gordon,,D.J. Wilson,Christian Wood,Ricky Rubio,Kevin Durant,Montrezl Harrell,285.09
Luka Doncic,Grayson Allen,,D.J. Wilson,Christian Wood,Ricky Rubio,Kevin Durant,Montrezl Harrell,285.03
Trae Young,Collin Sexton,Georges Niang,D.J. Wilson,Nikola Jokic,Goran Dragic,Giannis Antetokounmpo,Ricky Rubio,285.01
James Harden,Collin Sexton,LeBron James,D.J. Wilson,Precious Achiuwa,Ricky Rubio,Kevin Durant,Grayson Allen,285.01
Dejounte Murray,D'Angelo Russell,Harrison Barnes,Darius Bazley,Nikola Jokic,Ricky Rubio,D.J. Wilson,Montrezl Harrell,284.99
Luka Doncic,Collin Sexton,Aaron Gordon,D.J. Wilson,Giannis Antetokounmpo,Brandon Goodwin,Anthony Davis,Ricky Rubio,284.98
Luka Doncic,Collin Sexton,OG Anunoby,D.J. Wilson,Nikola Vucevic,James Harden,Onyeka Okongwu,Ricky Rubio,284.97
Monte Morris,Tim Hardaway Jr.,,D.J. Wilson,Nikola Jokic,Ricky Rubio,Kevin Durant,Montrezl Harrell,284.96
Dejounte Murray,Anthony Edwards,Garrison Mathews,D.J. Wilson,Christian Wood,Ricky Rubio,Kevin Durant,Montrezl Harrell,284.93
Ricky Rubio,D'Angelo Russell,Aaron Gordon,Giannis Antetokounmpo,Nikola Jokic,Collin Sexton,Onyeka Okongwu,Montrezl Harrell,284.87
Luka Doncic,Collin Sexton,Anthony Edwards,D.J. Wilson,Richaun Holmes,Dejounte Murray,OG Anunoby,Ricky Rubio,284.87
James Harden,Collin Sexton,Terence Davis,Darius Bazley,Joel Embiid,Ricky Rubio,D.J. Wilson,Giannis Antetokounmpo,284.86
Tyrese Maxey,Collin Sexton,Kevin Durant,Harrison Barnes,Bobby Portis,Ricky Rubio,Giannis Antetokounmpo,Montrezl Harrell,284.85
Dejounte Murray,Collin Sexton,De'Andre Hunter,D.J. Wilson,Nikola Jokic,Tyrese Maxey,Anthony Davis,Ricky Rubio,284.81
Luka Doncic,Collin Sexton,Kevin Durant,D.J. Wilson,Jusuf Nurkic,Tyrese Maxey,OG Anunoby,Ricky Rubio,284.8
Ricky Rubio,CJ McCollum,Tim Hardaway Jr.,D.J. Wilson,Nikola Jokic,Collin Sexton,Giannis Antetokounmpo,Precious Achiuwa,284.79
Ricky Rubio,Will Barton,Tim Hardaway Jr.,D.J. Wilson,Nikola Jokic,,Harrison Barnes,Giannis Antetokounmpo,284.78
Luka Doncic,Will Barton,OG Anunoby,D.J. Wilson,Montrezl Harrell,James Harden,Aaron Gordon,Ricky Rubio,284.75
De'Aaron Fox,Collin Sexton,Talen Horton-Tucker,D.J. Wilson,Nikola Jokic,Ricky Rubio,Anthony Davis,Christian Wood,284.75
Dejounte Murray,Will Barton,Harrison Barnes,Darius Bazley,Christian Wood,Ricky Rubio,D.J. Wilson,Giannis Antetokounmpo,284.74
Dejounte Murray,Eric Gordon,,Darius Bazley,Giannis Antetokounmpo,Ricky Rubio,D.J. Wilson,Kevin Durant,284.73
Luka Doncic,Will Barton,Kevin Durant,D.J. Wilson,Jakob Poeltl,Ricky Rubio,John Collins,Collin Sexton,284.73
James Harden,Collin Sexton,LeBron James,D.J. Wilson,Nikola Jokic,Ricky Rubio,Stanley Johnson,Cameron Oliver,284.72
James Harden,Collin Sexton,Lonnie Walker IV,D.J. Wilson,Precious Achiuwa,Trae Young,Giannis Antetokounmpo,Ricky Rubio,284.72
Ricky Rubio,Davion Mitchell,Bojan Bogdanovic,D.J. Wilson,Karl-Anthony Towns,Collin Sexton,Kevin Durant,Giannis Antetokounmpo,284.72
Russell Westbrook,Collin Sexton,Eric Gordon,D.J. Wilson,Montrezl Harrell,Ricky Rubio,Giannis Antetokounmpo,Anthony Davis,284.72
De'Aaron Fox,Collin Sexton,Kevin Durant,D.J. Wilson,Bobby Portis,Ricky Rubio,OG Anunoby,Anthony Davis,284.71
Trae Young,Collin Sexton,Kevin Durant,Darius Bazley,Joel Embiid,Ricky Rubio,D.J. Wilson,Greg Monroe,284.7
Brandon Goodwin,Collin Sexton,LeBron James,D.J. Wilson,Rudy Gobert,Ricky Rubio,Giannis Antetokounmpo,Richaun Holmes,284.67
James Harden,Will Barton,Harrison Barnes,D.J. Wilson,Rudy Gobert,Dejounte Murray,Onyeka Okongwu,Ricky Rubio,284.65
Dejounte Murray,Collin Sexton,LeBron James,D.J. Wilson,Nikola Jokic,Goran Dragic,Pat Connaughton,Ricky Rubio,284.64
Brandon Goodwin,Davion Mitchell,Kevin Durant,D.J. Wilson,Nikola Jokic,Ricky Rubio,Anthony Davis,Montrezl Harrell,284.64
Trae Young,Collin Sexton,Pat Connaughton,Kristaps Porzingis,Nikola Jokic,Ricky Rubio,D.J. Wilson,Montrezl Harrell,284.64
James Harden,Collin Sexton,De'Andre Hunter,D.J. Wilson,Nikola Jokic,Ricky Rubio,John Collins,Christian Wood,284.58
Luka Doncic,Anthony Edwards,,Darius Bazley,Montrezl Harrell,James Harden,D.J. Wilson,Ricky Rubio,284.56
Ricky Rubio,Davion Mitchell,Harrison Barnes,D.J. Wilson,Nikola Jokic,Collin Sexton,Anthony Davis,Karl-Anthony Towns,284.56
Trae Young,Anthony Edwards,,D.J. Wilson,Nikola Jokic,Ricky Rubio,Harrison Barnes,Greg Monroe,284.54
Luka Doncic,Will Barton,Devin Vassell,Tobias Harris,Nikola Jokic,Ricky Rubio,D.J. Wilson,Collin Sexton,284.48
Lonzo Ball,Collin Sexton,Kevin Durant,D.J. Wilson,Joel Embiid,Ricky Rubio,OG Anunoby,Montrezl Harrell,284.46
Dejounte Murray,Gary Trent Jr.,Harrison Barnes,D.J. Wilson,Nikola Jokic,Ricky Rubio,Onyeka Okongwu,Christian Wood,284.45
De'Aaron Fox,Will Barton,LeBron James,Darius Bazley,Giannis Antetokounmpo,Ricky Rubio,D.J. Wilson,Collin Sexton,284.43
Monte Morris,Collin Sexton,LeBron James,D.J. Wilson,Nikola Jokic,Ricky Rubio,OG Anunoby,Richaun Holmes,284.43
Dejounte Murray,Anthony Edwards,,D.J. Wilson,Onyeka Okongwu,Ricky Rubio,Kevin Durant,OG Anunoby,284.42
Ricky Rubio,Collin Sexton,LeBron James,D.J. Wilson,Bobby Portis,,OG Anunoby,Pat Connaughton,284.42
James Harden,Collin Sexton,OG Anunoby,D.J. Wilson,Jakob Poeltl,Dejounte Murray,John Collins,Ricky Rubio,284.41
De'Aaron Fox,Brandon Knight,Tim Hardaway Jr.,D.J. Wilson,Nikola Jokic,Ricky Rubio,Giannis Antetokounmpo,Montrezl Harrell,284.39
Luka Doncic,Collin Sexton,Harrison Barnes,Kristaps Porzingis,Nikola Jokic,Ricky Rubio,D.J. Wilson,Cameron Oliver,284.39
Luka Doncic,Collin Sexton,Tim Hardaway Jr.,D.J. Wilson,Anthony Davis,Monte Morris,Kevin Durant,Ricky Rubio,284.38
Mike Conley,Collin Sexton,Kevin Durant,Keldon Johnson,Nikola Jokic,Ricky Rubio,D.J. Wilson,Bobby Portis,284.35
Dejounte Murray,Bojan Bogdanovic,,D.J. Wilson,Christian Wood,Ricky Rubio,Aaron Gordon,Montrezl Harrell,284.34
